{"Eyjafjalla": {"Coom": 3.7384615384615385, "Utility": 5.3538461538461535, "Power": 6.446153846153846, "Fun": 4.323076923076923}, "Hellagur": {"Fun": 4.584615384615384, "Utility": 3.3384615384615386, "Power": 4.138461538461539, "Coom": 3.253846153846154}, "Thorns": {"Fun": 3.3384615384615386, "Coom": 2.7846153846153845, "Power": 5.8538461538461535, "Utility": 4.730769230769231}, "Angelina": {"Coom": 4.946153846153846, "Power": 5.269230769230769, "Utility": 5.6923076923076925, "Fun": 4.892307692307693}, "Aak": {"Power": 3.3461538461538463, "Utility": 4.361538461538461, "Coom": 1.7153846153846153, "Fun": 4.746153846153846}, "Suzuran": {"Power": 5.3, "Fun": 4.415384615384616, "Coom": 4.092307692307692, "Utility": 5.930769230769231}, "Bagpipe": {"Power": 5.876923076923077, "Coom": 4.7846153846153845, "Utility": 5.823076923076923, "Fun": 4.315384615384615}, "Ifrit": {"Utility": 5.038461538461538, "Power": 5.923076923076923, "Coom": 3.876923076923077, "Fun": 5.407692307692308}, "Shining": {"Coom": 4.769230769230769, "Utility": 4.315384615384615, "Fun": 2.792307692307692, "Power": 3.792307692307692}, "Magallan": {"Fun": 5.2384615384615385, "Power": 4.061538461538461, "Utility": 5.292307692307692, "Coom": 4.369230769230769}, "SilverAsh": {"Power": 6.361538461538461, "Utility": 5.753846153846154, "Fun": 4.7153846153846155, "Coom": 3.5384615384615383}, "Ash": {"Utility": 4.876923076923077, "Power": 5.469230769230769, "Fun": 4.6692307692307695, "Coom": 3.423076923076923}, "Hoshiguma": {"Power": 3.792307692307692, "Fun": 3.1307692307692307, "Utility": 3.6923076923076925, "Coom": 3.5692307692307694}, "Ceobe": {"Coom": 4.123076923076923, "Utility": 4.2384615384615385, "Power": 5.346153846153846, "Fun": 5.176923076923077}, "Mountain": {"Utility": 4.838461538461538, "Power": 5.323076923076923, "Coom": 1.9615384615384615, "Fun": 3.5923076923076924}, "Schwarz": {"Coom": 5.8076923076923075, "Power": 5.492307692307692, "Utility": 4.2, "Fun": 5.361538461538461}, "Blemishine": {"Fun": 4.792307692307692, "Utility": 4.484615384615385, "Power": 4.1692307692307695, "Coom": 4.638461538461539}, "Mudrock": {"Fun": 4.930769230769231, "Power": 6.176923076923077, "Utility": 5.7153846153846155, "Coom": 5.661538461538462}, "Rosmontis": {"Utility": 4.369230769230769, "Fun": 5.1923076923076925, "Coom": 4.2, "Power": 4.623076923076923}, "Nightingale": {"Fun": 3.2846153846153845, "Utility": 5.315384615384615, "Coom": 3.7615384615384615, "Power": 4.384615384615385}, "Skadi": {"Fun": 3.6923076923076925, "Power": 3.1615384615384614, "Coom": 5.092307692307692, "Utility": 2.3461538461538463}, "Surtr": {"Fun": 3.476923076923077, "Utility": 5.2846153846153845, "Coom": 4.746153846153846, "Power": 5.7615384615384615}, "W": {"Utility": 4.723076923076923, "Coom": 5.0, "Fun": 5.346153846153846, "Power": 4.753846153846154}, "Mostima": {"Utility": 3.5538461538461537, "Coom": 4.369230769230769, "Power": 2.976923076923077, "Fun": 4.069230769230769}, "Phantom": {"Fun": 5.269230769230769, "Power": 5.030769230769231, "Utility": 5.507692307692308, "Coom": 3.207692307692308}, "Blaze": {"Utility": 4.338461538461538, "Coom": 5.107692307692307, "Fun": 3.7384615384615385, "Power": 5.2846153846153845}, "Saria": {"Utility": 6.3076923076923075, "Fun": 3.646153846153846, "Coom": 4.276923076923077, "Power": 5.630769230769231}, "Exusiai": {"Power": 5.315384615384615, "Coom": 4.2615384615384615, "Utility": 4.292307692307692, "Fun": 4.553846153846154}, "Nian": {"Coom": 5.046153846153846, "Power": 3.5384615384615383, "Utility": 4.015384615384615, "Fun": 3.4846153846153847}, "Ch'en": {"Coom": 4.438461538461539, "Utility": 3.4923076923076923, "Fun": 4.407692307692308, "Power": 3.2615384615384615}, "Dusk": {"Power": 4.107692307692307, "Utility": 4.023076923076923, "Fun": 4.861538461538461, "Coom": 4.792307692307692}, "Archetto": {"Utility": 3.8923076923076922, "Coom": 4.138461538461539, "Power": 4.046153846153846, "Fun": 4.6692307692307695}, "Saga": {"Coom": 4.061538461538461, "Fun": 5.207692307692308, "Power": 4.8, "Utility": 4.930769230769231}, "Rosa": {"Coom": 5.1461538461538465, "Fun": 4.953846153846154, "Power": 4.561538461538461, "Utility": 4.7153846153846155}, "Weedy": {"Utility": 5.584615384615384, "Power": 5.1461538461538465, "Fun": 5.653846153846154, "Coom": 4.6461538461538465}, "Eunectes": {"Utility": 2.923076923076923, "Power": 4.2846153846153845, "Fun": 4.661538461538462, "Coom": 5.484615384615385}, "Siege": {"Utility": 3.5846153846153848, "Power": 3.6538461538461537, "Coom": 4.492307692307692, "Fun": 3.4076923076923076}}