{"scatter": {"data": {"Suzuran": {"CC": 5.826530612244898, "IS2": 4.5754716981132075, "SSS": 6.4326923076923075, "Overall": 5.611564872683471}, "Bagpipe": {"CC": 6.549019607843137, "IS2": 5.121739130434783, "SSS": 4.450980392156863, "Overall": 5.373913043478261}, "Blaze": {"CC": 2.8645833333333335, "IS2": 4.136752136752137, "SSS": 3.4456521739130435, "Overall": 3.482329214666171}, "SilverAsh": {"CC": 5.954128440366972, "IS2": 5.0, "SSS": 3.494949494949495, "Overall": 4.816359311772156}, "Lumen": {"CC": 3.5365853658536586, "IS2": 4.182795698924731, "SSS": 2.76, "Overall": 3.4931270215927963}, "Angelina": {"CC": 3.711340206185567, "IS2": 3.5675675675675675, "SSS": 4.6020408163265305, "Overall": 3.960316196693222}, "Hellagur": {"CC": 2.392857142857143, "IS2": 2.9278350515463916, "SSS": 2.1875, "Overall": 2.5027307314678446}, "Archetto": {"CC": 2.5853658536585367, "IS2": 4.944444444444445, "SSS": 3.7051282051282053, "Overall": 3.744979501077063}, "Fartooth": {"CC": 3.5064935064935066, "IS2": 3.5903614457831323, "SSS": 2.9220779220779223, "Overall": 3.3396442914515205}, "Saileach": {"CC": 5.6020408163265305, "IS2": 3.66, "SSS": 3.896551724137931, "Overall": 4.3861975134881535}, "Blemishine": {"CC": 4.276595744680851, "IS2": 4.019230769230769, "SSS": 3.0851063829787235, "Overall": 3.7936442989634482}, "Carnelian": {"CC": 2.26027397260274, "IS2": 2.8902439024390243, "SSS": 4.185714285714286, "Overall": 3.1120773869186835}, "Horn": {"CC": 5.066666666666666, "IS2": 5.28, "SSS": 3.731707317073171, "Overall": 4.692791327913279}, "W": {"CC": 2.5454545454545454, "IS2": 3.766990291262136, "SSS": 3.011764705882353, "Overall": 3.1080698475330113}, "Ch'en": {"CC": 2.5421686746987953, "IS2": 3.519230769230769, "SSS": 2.9886363636363638, "Overall": 3.016678602521976}, "Mizuki": {"CC": 2.0985915492957745, "IS2": 3.548780487804878, "SSS": 3.2142857142857144, "Overall": 2.953885917128789}, "Skadi": {"CC": 3.359550561797753, "IS2": 3.619047619047619, "SSS": 2.6506024096385543, "Overall": 3.2097335301613086}, "Mostima": {"CC": 2.380434782608696, "IS2": 2.8118811881188117, "SSS": 3.358695652173913, "Overall": 2.8503372076338067}, "Fiammetta": {"CC": 2.7051282051282053, "IS2": 4.411111111111111, "SSS": 3.4794520547945207, "Overall": 3.5318971236779455}, "Passenger": {"CC": 3.026315789473684, "IS2": 5.397849462365591, "SSS": 5.246913580246914, "Overall": 4.557026277362063}, "Weedy": {"CC": 5.117021276595745, "IS2": 3.2916666666666665, "SSS": 3.7349397590361444, "Overall": 4.0478759007661855}, "Mudrock": {"CC": 6.035714285714286, "IS2": 5.959016393442623, "SSS": 6.149122807017544, "Overall": 6.047951162058151}, "Rosmontis": {"CC": 2.1927710843373496, "IS2": 2.826530612244898, "SSS": 2.707317073170732, "Overall": 2.57553958991766}, "Saga": {"CC": 3.2560975609756095, "IS2": 3.77, "SSS": 3.3493975903614457, "Overall": 3.4584983837790184}, "Ifrit": {"CC": 4.689320388349515, "IS2": 3.4918032786885247, "SSS": 3.808080808080808, "Overall": 3.996401491706283}, "Ling": {"CC": 4.233333333333333, "IS2": 6.321739130434783, "SSS": 3.2065217391304346, "Overall": 4.58719806763285}, "Mountain": {"CC": 4.96875, "IS2": 5.542056074766355, "SSS": 4.087912087912088, "Overall": 4.866239387559481}, "Exusiai": {"CC": 3.735294117647059, "IS2": 5.031746031746032, "SSS": 3.826923076923077, "Overall": 4.197987742105389}, "Surtr": {"CC": 6.654205607476635, "IS2": 5.31404958677686, "SSS": 3.8627450980392157, "Overall": 5.2770000974309035}, "Nian": {"CC": 3.8076923076923075, "IS2": 2.7282608695652173, "SSS": 2.7948717948717947, "Overall": 3.1102749907097738}, "Ceobe": {"CC": 3.3846153846153846, "IS2": 4.181818181818182, "SSS": 4.49, "Overall": 4.018811188811189}, "Aak": {"CC": 4.139240506329114, "IS2": 2.4216867469879517, "SSS": 2.324324324324324, "Overall": 2.961750525880463}, "Gnosis": {"CC": 5.089743589743589, "IS2": 5.326086956521739, "SSS": 6.292929292929293, "Overall": 5.569586613064875}, "Magallan": {"CC": 2.675, "IS2": 3.6526315789473682, "SSS": 3.0, "Overall": 3.1092105263157896}, "Gavial the Invincible": {"CC": 3.569620253164557, "IS2": 4.989247311827957, "SSS": 4.0, "Overall": 4.186289188330838}, "Specter the Unchained": {"CC": 5.053191489361702, "IS2": 5.351851851851852, "SSS": 4.414893617021277, "Overall": 4.939978986078277}, "Eunectes": {"CC": 3.2048192771084336, "IS2": 3.234042553191489, "SSS": 2.6987951807228914, "Overall": 3.045885670340938}, "Rosa": {"CC": 3.023529411764706, "IS2": 3.4148936170212765, "SSS": 3.3372093023255816, "Overall": 3.258544110370521}, "Kal'tsit": {"CC": 6.201923076923077, "IS2": 6.033333333333333, "SSS": 2.5268817204301075, "Overall": 4.920712710228839}, "Nearl the Radiant Knight": {"CC": 6.141414141414141, "IS2": 5.627272727272727, "SSS": 3.7222222222222223, "Overall": 5.163636363636363}, "Schwarz": {"CC": 4.24468085106383, "IS2": 4.289719626168225, "SSS": 3.663157894736842, "Overall": 4.065852790656298}, "Nightingale": {"CC": 5.877358490566038, "IS2": 3.9411764705882355, "SSS": 2.5384615384615383, "Overall": 4.1189988332052705}, "Pallas": {"CC": 2.4305555555555554, "IS2": 5.108695652173913, "SSS": 3.1343283582089554, "Overall": 3.557859855312808}, "Thorns": {"CC": 3.58, "IS2": 6.560975609756097, "SSS": 3.268041237113402, "Overall": 4.4696722822898325}, "Ch'en the Holungday": {"CC": 5.873684210526315, "IS2": 5.663551401869159, "SSS": 4.704545454545454, "Overall": 5.413927022313643}, "Skadi the Corrupting Heart": {"CC": 5.401960784313726, "IS2": 5.169642857142857, "SSS": 5.3, "Overall": 5.290534547152195}, "Ebenholz": {"CC": 2.55, "IS2": 3.257575757575758, "SSS": 2.625, "Overall": 2.810858585858586}, "Hoshiguma": {"CC": 3.7474747474747474, "IS2": 2.9074074074074074, "SSS": 2.9302325581395348, "Overall": 3.1950382376738964}, "Flametail": {"CC": 3.8860759493670884, "IS2": 4.26595744680851, "SSS": 4.0978260869565215, "Overall": 4.083286494377373}, "Shining": {"CC": 3.1666666666666665, "IS2": 2.8, "SSS": 2.3068181818181817, "Overall": 2.757828282828283}, "Phantom": {"CC": 4.420454545454546, "IS2": 4.862385321100917, "SSS": 2.9156626506024095, "Overall": 4.066167505719291}, "Siege": {"CC": 2.208791208791209, "IS2": 3.048076923076923, "SSS": 2.988235294117647, "Overall": 2.7483678086619263}, "Ash": {"CC": 3.783132530120482, "IS2": 4.118279569892473, "SSS": 3.6582278481012658, "Overall": 3.8532133160380737}, "Dusk": {"CC": 2.15, "IS2": 2.632183908045977, "SSS": 2.775, "Overall": 2.519061302681992}, "Gladiia": {"CC": 4.235955056179775, "IS2": 4.76, "SSS": 4.022222222222222, "Overall": 4.3393924261339984}, "Lee": {"CC": 3.0694444444444446, "IS2": 4.047058823529412, "SSS": 2.732394366197183, "Overall": 3.282965878057013}, "Irene": {"CC": 4.383720930232558, "IS2": 5.333333333333333, "SSS": 6.086538461538462, "Overall": 5.267864241701451}, "Eyjafjalla": {"CC": 4.549019607843137, "IS2": 5.288135593220339, "SSS": 5.02970297029703, "Overall": 4.955619390453502}, "Goldenglow": {"CC": 4.35632183908046, "IS2": 6.36036036036036, "SSS": 6.765217391304348, "Overall": 5.827299863581723}, "Saria": {"CC": 5.564814814814815, "IS2": 5.104, "SSS": 3.9797979797979797, "Overall": 4.882870931537599}, "Poz\u00ebmka": {"CC": 5.125, "IS2": 5.742857142857143, "SSS": 4.2317073170731705, "Overall": 5.033188153310104}}, "default_axes": ["CC", "IS2", "SSS", "Overall"]}, "bar": {"data": {"Skadi": {"Ownership": 0.7066666666666667, "E2": 0.56, "S1": 0.08333333333333333, "S2": 0.4166666666666667, "S3": 0.5833333333333334}, "Ceobe": {"Ownership": 0.7333333333333333, "E2": 0.6666666666666666, "S1": 0.07, "S2": 0.67, "S3": 0.15}, "Horn": {"Ownership": 0.5866666666666667, "E2": 0.56, "S1": 0.36904761904761907, "S2": 0.2619047619047619, "S3": 0.8690476190476191}, "Siege": {"Ownership": 0.7333333333333333, "E2": 0.64, "S1": 0.020833333333333332, "S2": 0.3854166666666667, "S3": 0.08333333333333333}, "Passenger": {"Ownership": 0.48, "E2": 0.35333333333333333, "S1": 0.0, "S2": 0.11320754716981132, "S3": 0.8113207547169812}, "Magallan": {"S1": 0.16049382716049382, "S2": 0.13580246913580246, "S3": 0.3333333333333333,