{"scatter": {"data": {"Eyjafjalla": {"Coom": 3.7384615384615385, "Utility": 5.3538461538461535, "Power": 6.446153846153846, "Fun": 4.323076923076923, "Overall": 4.9653846153846155}, "Hellagur": {"Fun": 4.584615384615384, "Utility": 3.3384615384615386, "Power": 4.138461538461539, "Coom": 3.253846153846154, "Overall": 3.828846153846154}, "Thorns": {"Fun": 3.3384615384615386, "Coom": 2.7846153846153845, "Power": 5.8538461538461535, "Utility": 4.730769230769231, "Overall": 4.176923076923076}, "Angelina": {"Coom": 4.946153846153846, "Power": 5.269230769230769, "Utility": 5.6923076923076925, "Fun": 4.892307692307693, "Overall": 5.2}, "Aak": {"Power": 3.3461538461538463, "Utility": 4.361538461538461, "Coom": 1.7153846153846153, "Fun": 4.746153846153846, "Overall": 3.542307692307692}, "Suzuran": {"Power": 5.3, "Fun": 4.415384615384616, "Coom": 4.092307692307692, "Utility": 5.930769230769231, "Overall": 4.934615384615384}, "Bagpipe": {"Power": 5.876923076923077, "Coom": 4.7846153846153845, "Utility": 5.823076923076923, "Fun": 4.315384615384615, "Overall": 5.2}, "Ifrit": {"Utility": 5.038461538461538, "Power": 5.923076923076923, "Coom": 3.876923076923077, "Fun": 5.407692307692308, "Overall": 5.061538461538461}, "Shining": {"Coom": 4.769230769230769, "Utility": 4.315384615384615, "Fun": 2.792307692307692, "Power": 3.792307692307692, "Overall": 3.917307692307692}, "Magallan": {"Fun": 5.2384615384615385, "Power": 4.061538461538461, "Utility": 5.292307692307692, "Coom": 4.369230769230769, "Overall": 4.740384615384615}, "SilverAsh": {"Power": 6.361538461538461, "Utility": 5.753846153846154, "Fun": 4.7153846153846155, "Coom": 3.5384615384615383, "Overall": 5.092307692307692}, "Ash": {"Utility": 4.876923076923077, "Power": 5.469230769230769, "Fun": 4.6692307692307695, "Coom": 3.423076923076923, "Overall": 4.609615384615385}, "Hoshiguma": {"Power": 3.792307692307692, "Fun": 3.1307692307692307, "Utility": 3.6923076923076925, "Coom": 3.5692307692307694, "Overall": 3.5461538461538464}, "Ceobe": {"Coom": 4.123076923076923, "Utility": 4.2384615384615385, "Power": 5.346153846153846, "Fun": 5.176923076923077, "Overall": 4.721153846153847}, "Mountain": {"Utility": 4.838461538461538, "Power": 5.323076923076923, "Coom": 1.9615384615384615, "Fun": 3.5923076923076924, "Overall": 3.9288461538461537}, "Schwarz": {"Coom": 5.8076923076923075, "Power": 5.492307692307692, "Utility": 4.2, "Fun": 5.361538461538461, "Overall": 5.2153846153846155}, "Blemishine": {"Fun": 4.792307692307692, "Utility": 4.484615384615385, "Power": 4.1692307692307695, "Coom": 4.638461538461539, "Overall": 4.521153846153846}, "Mudrock": {"Fun": 4.930769230769231, "Power": 6.176923076923077, "Utility": 5.7153846153846155, "Coom": 5.661538461538462, "Overall": 5.621153846153846}, "Rosmontis": {"Utility": 4.369230769230769, "Fun": 5.1923076923076925, "Coom": 4.2, "Power": 4.623076923076923, "Overall": 4.596153846153846}, "Nightingale": {"Fun": 3.2846153846153845, "Utility": 5.315384615384615, "Coom": 3.7615384615384615, "Power": 4.384615384615385, "Overall": 4.186538461538461}, "Skadi": {"Fun": 3.6923076923076925, "Power": 3.1615384615384614, "Coom": 5.092307692307692, "Utility": 2.3461538461538463, "Overall": 3.5730769230769233}, "Surtr": {"Fun": 3.476923076923077, "Utility": 5.2846153846153845, "Coom": 4.746153846153846, "Power": 5.7615384615384615, "Overall": 4.817307692307692}, "W": {"Utility": 4.723076923076923, "Coom": 5.0, "Fun": 5.346153846153846, "Power": 4.753846153846154, "Overall": 4.955769230769231}, "Mostima": {"Utility": 3.5538461538461537, "Coom": 4.369230769230769, "Power": 2.976923076923077, "Fun": 4.069230769230769, "Overall": 3.742307692307692}, "Phantom": {"Fun": 5.269230769230769, "Power": 5.030769230769231, "Utility": 5.507692307692308, "Coom": 3.207692307692308, "Overall": 4.753846153846154}, "Blaze": {"Utility": 4.338461538461538, "Coom": 5.107692307692307, "Fun": 3.7384615384615385, "Power": 5.2846153846153845, "Overall": 4.617307692307692}, "Saria": {"Utility": 6.3076923076923075, "Fun": 3.646153846153846, "Coom": 4.276923076923077, "Power": 5.630769230769231, "Overall": 4.9653846153846155}, "Exusiai": {"Power": 5.315384615384615, "Coom": 4.2615384615384615, "Utility": 4.292307692307692, "Fun": 4.553846153846154, "Overall": 4.60576923076923}, "Nian": {"Coom": 5.046153846153846, "Power": 3.5384615384615383, "Utility": 4.015384615384615, "Fun": 3.4846153846153847, "Overall": 4.021153846153846}, "Ch'en": {"Coom": 4.438461538461539, "Utility": 3.4923076923076923, "Fun": 4.407692307692308, "Power": 3.2615384615384615, "Overall": 3.9000000000000004}, "Dusk": {"Power": 4.107692307692307, "Utility": 4.023076923076923, "Fun": 4.861538461538461, "Coom": 4.792307692307692, "Overall": 4.4461538461538455}, "Archetto": {"Utility": 3.8923076923076922, "Coom": 4.138461538461539, "Power": 4.046153846153846, "Fun": 4.6692307692307695, "Overall": 4.186538461538461}, "Saga": {"Coom": 4.061538461538461, "Fun": 5.207692307692308, "Power": 4.8, "Utility": 4.930769230769231, "Overall": 4.75}, "Rosa": {"Coom": 5.1461538461538465, "Fun": 4.953846153846154, "Power": 4.561538461538461, "Utility": 4.7153846153846155, "Overall": 4.844230769230769}, "Weedy": {"Utility": 5.584615384615384, "Power": 5.1461538461538465, "Fun": 5.653846153846154, "Coom": 4.6461538461538465, "Overall": 5.257692307692308}, "Eunectes": {"Utility": 2.923076923076923, "Power": 4.2846153846153845, "Fun": 4.661538461538462, "Coom": 5.484615384615385, "Overall": 4.338461538461538}, "Siege": {"Utility": 3.5846153846153848, "Power": 3.6538461538461537, "Coom": 4.492307692307692, "Fun": 3.4076923076923076, "Overall": 3.7846153846153845}}}, "bar": {"data": {"Hoshiguma": {"Ownership": 0.8769230769230769, "E2": 0.6666666666666667, "S1M3": 0.5623702927649755, "S2M3": 0.655699463483783, "S3M3": 0.017069683870738928}, "Surtr": {"Ownership": 0.6923076923076923, "E2": 0.9555555555555556, "S1M3": 0.34592004524530917, "S2M3": 0.1614311125563983, "S3M3": 0.3611707038317775}, "Skadi": {"Ownership": 0.7153846153846154, "E2": 0.5053763440860215, "S1M3": 0.35209581301215354, "S2M3": 0.7831251198619045, "S3M3": 0.09968280624332526}, "Weedy": {"Ownership": 0.7461538461538462, "E2": 0.8865979381443299, "S1M3": 0.250777924525762, "S2M3": 0.0743797618915445, "S3M3": 0.30464140899560943}, "Suzuran": {"Ownership": 0.6461538461538462, "E2": 0.8095238095238095, "S1M3": 0.8311650573465821, "S2M3": 0.20149463876597007, "S3M3": 0.2677252498217173}, "Ash": {"Ownership": 0.8461538461538461, "E2": 0.7636363636363637, "S1M3": 0.8103319948784117, "S2M3": 0.25840442636118766, "S3M3": 0.8624587600877553}, "Angelina": {"Ownership": 0.8076923076923077, "E2": 0.9428571428571428, "S1M3": 0.38627082897670817, "S2M3": 0.5282572207495944, "S3M3": 0.16269934255656826}, "Blaze": {"Ownership": 0.7846153846153846, "E2": 0.892156862745098, "S1M3": 0.00045372970648405175, "S2M3": 0.4379306019614818, "S3M3": 0.2708514147016301}, "Magallan": {"Ownership": 0.7615384615384615, "E2": 0.5757575757575758, "S1M3": 0.33006317580935385, "S2M3": 0.700944972408833, "S3M3": 0.6773003207208956}, "Eyjafjalla": {"Ownership": 0.9230769230769231, "E2": 0.8583333333333333, "S1M3": 0.5125584628286641, "S2M3": 0.36220362547415075, "S3M3": 0.39654317275886597}, "Hellagur": {"Ownership": 0.6692307692307692, "E2": 0.5862068965517242, "S1M3": 0.8965940513995883, "S2M3": 0.8394714417055495, "S3M3": 0.8581862215301547}, "Archetto": {"Ownership": 0.36153846153846153, "E2": 0.7446808510638298, "S1M3": 0.4492535436645634, "S2M3": 0.968543526072647, "S3M3": 0.47586269178810314}, "Saria": {"Ownership": 0.9230769230769231, "E2": 0.9249999999999999, "S1M3": 0.2857309648096833, "S2M3": 0.976888600949222, "S3M3": 0.5139823816994272}, "Ceobe": {"Ownership": 0.5923076923076923, "E2": 0.8571428571428571, "S1M3": 0.03190083995533255, "S2M3": 0.4255318652272482, "S3M3": 0.13479175119002362}, "Eunectes": {"Ownership": 0.4153846153846154, "E2": 0.7962962962962963, "S1M3": 0.2602983519772636, "S2M3": 0.7030938374268528,