{"scatter": {"data": {"Eyjafjalla": {"Power": 6.223958333333333, "Utility": 5.583333333333333, "Fun": 4.703125, "Coom": 3.8125}, "Angelina": {"Power": 5.213541666666667, "Utility": 5.4375, "Fun": 5.182291666666667, "Coom": 4.994791666666667}, "Aak": {"Power": 3.8125, "Utility": 3.609375, "Fun": 4.598958333333333, "Coom": 1.5416666666666667}, "Carnelian": {"Power": 4.21875, "Utility": 3.8489583333333335, "Fun": 4.723958333333333, "Coom": 5.375}, "Suzuran": {"Power": 5.755208333333333, "Utility": 5.390625, "Fun": 4.697916666666667, "Coom": 3.9479166666666665}, "Ifrit": {"Power": 5.609375, "Utility": 4.010416666666667, "Fun": 5.416666666666667, "Coom": 3.3489583333333335}, "Gladiia": {"Power": 4.390625, "Utility": 4.494791666666667, "Fun": 4.744791666666667, "Coom": 4.6875}, "SilverAsh": {"Power": 6.411458333333333, "Utility": 5.885416666666667, "Fun": 4.8125, "Coom": 3.3958333333333335}, "Surtr": {"Power": 6.770833333333333, "Utility": 5.401041666666667, "Fun": 3.9947916666666665, "Coom": 5.026041666666667}, "Hoshiguma": {"Power": 3.6979166666666665, "Utility": 3.2708333333333335, "Fun": 3.09375, "Coom": 3.8020833333333335}, "Mountain": {"Power": 5.651041666666667, "Utility": 5.203125, "Fun": 3.6302083333333335, "Coom": 1.8177083333333333}, "Schwarz": {"Power": 5.203125, "Utility": 3.8177083333333335, "Fun": 5.046875, "Coom": 5.776041666666667}, "Shining": {"Power": 3.90625, "Utility": 3.4583333333333335, "Fun": 3.109375, "Coom": 4.880208333333333}, "Mudrock": {"Power": 6.348958333333333, "Utility": 5.786458333333333, "Fun": 5.192708333333333, "Coom": 5.802083333333333}, "W": {"Power": 4.598958333333333, "Utility": 4.479166666666667, "Fun": 5.411458333333333, "Coom": 5.260416666666667}, "Ch'en the Holungday": {"Power": 6.552083333333333, "Utility": 5.15625, "Fun": 3.59375, "Coom": 4.5625}, "Skadi the Corrupting Heart": {"Power": 5.953125, "Utility": 5.692708333333333, "Fun": 4.552083333333333, "Coom": 4.953125}, "Thorns": {"Power": 6.182291666666667, "Utility": 5.770833333333333, "Fun": 3.921875, "Coom": 3.1041666666666665}, "Mostima": {"Power": 2.8958333333333335, "Utility": 3.1197916666666665, "Fun": 3.65625, "Coom": 4.463541666666667}, "Bagpipe": {"Power": 6.197916666666667, "Utility": 5.75, "Fun": 4.6875, "Coom": 5.135416666666667}, "Magallan": {"Power": 4.145833333333333, "Utility": 5.213541666666667, "Fun": 4.776041666666667, "Coom": 4.265625}, "Saria": {"Power": 6.15625, "Utility": 6.348958333333333, "Fun": 4.109375, "Coom": 3.9583333333333335}, "Blemishine": {"Power": 4.276041666666667, "Utility": 4.28125, "Fun": 4.708333333333333, "Coom": 4.770833333333333}, "Rosmontis": {"Power": 4.348958333333333, "Utility": 3.9322916666666665, "Fun": 4.864583333333333, "Coom": 4.005208333333333}, "Exusiai": {"Power": 5.598958333333333, "Utility": 4.953125, "Fun": 4.697916666666667, "Coom": 4.3125}, "Kal'tsit": {"Power": 6.390625, "Utility": 5.901041666666667, "Fun": 4.765625, "Coom": 4.994791666666667}, "Nian": {"Power": 3.8125, "Utility": 3.6458333333333335, "Fun": 3.8489583333333335, "Coom": 5.328125}, "Pallas": {"Power": 3.7135416666666665, "Utility": 3.5208333333333335, "Fun": 4.088541666666667, "Coom": 4.052083333333333}, "Mizuki": {"Power": 2.9166666666666665, "Utility": 3.0729166666666665, "Fun": 3.25, "Coom": 2.8489583333333335}, "Ch'en": {"Power": 3.34375, "Utility": 3.390625, "Fun": 4.307291666666667, "Coom": 4.541666666666667}, "Dusk": {"Power": 4.098958333333333, "Utility": 3.859375, "Fun": 4.739583333333333, "Coom": 5.109375}, "Phantom": {"Power": 5.171875, "Utility": 5.489583333333333, "Fun": 5.338541666666667, "Coom": 3.15625}, "Passenger": {"Power": 3.6145833333333335, "Utility": 3.4114583333333335, "Fun": 4.041666666666667, "Coom": 2.2447916666666665}, "Archetto": {"Power": 4.078125, "Utility": 3.921875, "Fun": 4.229166666666667, "Coom": 3.8489583333333335}, "Saga": {"Power": 4.765625, "Utility": 4.666666666666667, "Fun": 4.895833333333333, "Coom": 4.208333333333333}, "Eunectes": {"Power": 4.130208333333333, "Utility": 2.9947916666666665, "Fun": 4.697916666666667, "Coom": 5.786458333333333}, "Rosa": {"Power": 4.40625, "Utility": 4.0, "Fun": 4.75, "Coom": 4.927083333333333}, "Hellagur": {"Power": 4.135416666666667, "Utility": 3.609375, "Fun": 4.401041666666667, "Coom": 3.0572916666666665}, "Weedy": {"Power": 4.979166666666667, "Utility": 4.927083333333333, "Fun": 5.453125, "Coom": 4.453125}, "Blaze": {"Power": 5.213541666666667, "Utility": 4.760416666666667, "Fun": 4.114583333333333, "Coom": 5.348958333333333}, "Ceobe": {"Power": 4.963541666666667, "Utility": 4.708333333333333, "Fun": 5.130208333333333, "Coom": 4.182291666666667}, "Ash": {"Power": 5.755208333333333, "Utility": 4.96875, "Fun": 4.614583333333333, "Coom": 3.1875}, "Siege": {"Power": 3.4947916666666665, "Utility": 3.5833333333333335, "Fun": 3.4270833333333335, "Coom": 4.723958333333333}, "Skadi": {"Power": 3.1510416666666665, "Utility": 2.5989583333333335, "Fun": 3.4947916666666665, "Coom": 4.802083333333333}, "Nightingale": {"Power": 4.885416666666667, "Utility": 4.473958333333333, "Fun": 3.75, "Coom": 3.875}}, "default_axes": ["Power", "Utility"]}, "bar": {"data": {"Weedy": {"Ownership": 0.7291666666666666, "E2": 0.6302083333333334}, "Angelina": {"Ownership": 0.7552083333333334, "E2": 0.7239583333333334}, "Magallan": {"Ownership": 0.8385416666666666, "E2": 0.5677083333333334}, "Eyjafjalla": {"Ownership": 0.8489583333333334, "E2": 0.7864583333333334}, "Hellagur": {"Ownership": 0.7864583333333334, "E2": 0.4791666666666667}, "Ifrit": {"Ownership": 0.8645833333333334, "E2": 0.7864583333333334}, "Thorns": {"Ownership": 0.625, "E2": 0.5729166666666666}, "Shining": {"Ownership": 0.8541666666666666, "E2": 0.6197916666666666}, "SilverAsh": {"Ownership": 0.875, "E2": 0.7916666666666666}, "Gladiia": {"Ownership": 0.96875, "E2": 0.5416666666666666}, "Aak": {"Ownership": 0.5833333333333334, "E2": 0.2864583333333333}, "W": {"Ownership": 0.6979166666666666, "E2": 0.6145833333333334}, "Dusk": {"Ownership": 0.6197916666666666, "E2": 0.515625}, "Kal'tsit": {"Ownership": 0.8645833333333334, "E2": 0.796875}, "Blemishine": {"Ownership": 0.546875, "E2": 0.453125}, "Bagpipe": {"Ownership": 0.8489583333333334, "E2": 0.765625}, "Mostima": {"Ownership": 0.703125, "E2": 0.3958333333333333}, "Rosmontis": {"Ownership": 0.671875, "E2": 0.578125}, "Mountain": {"Ownership": 0.46875, "E2": 0.3697916666666667}, "Rosa": {"Ownership": 0.515625, "E2": 0.3958333333333333}, "Nightingale": {"Ownership": 0.8072916666666666, "E2": 0.671875}, "Hoshiguma": {"Ownership": 0.8489583333333334, "E2": 0.5989583333333334}, "Surtr": {"Ownership": 0.75, "E2": 0.7135416666666666}, "Skadi": {"Ownership": 0.7864583333333334, "E2": 0.390625}, "Ch'en the Holungday": {"Ownership": 0.796875, "E2": 0.65625}, "Pallas": {"Ownership": 0.296875, "E2": 0.22395833333333334}, "Suzuran": {"Ownership": 0.6510416666666666, "E2": 0.5625}, "Ash": {"Ownership": 0.7239583333333334, "E2": 0.6354166666666666}, "Blaze": {"Ownership": 0.78125, "E2": 0.7239583333333334}, "Archetto": {"Ownership": 0.3958333333333333, "E2": 0.3072916666666667}, "Saria": {"Ownership": 0.8958333333333334, "E2": 0.828125}, "Ceobe": {"Ownership": 0.7083333333333334, "E2": 0.578125}, "Eunectes": {"Ownership": 0.5989583333333334, "E2": 0.4427083333333333}, "Siege": {"Ownership": 0.875, "E2": 0.640625}, "Exusiai": {"Ownership": 0.90625, "E2": 0.8333333333333334}, "Passenger": {"Ownership": 0.234375, "E2": 0.11979166666666667}, "Mudrock": {"Ownership": 0.7552083333333334, "E2": 0.7083333333333334}, "Ch'en": {"Ownership": 0.8697916666666666, "E2": 0.625}, "Saga": {"Ownership": 0.5989583333333334, "E2": 0.515625}, "Skadi the Corrupting Heart": {"Ownership": 0.8333333333333334, "E2": 0.7604166666666666}, "Mizuki": {"Ownership": 0.6302083333333334, "E2": 0.1875}, "Nian": {"Ownership": 0.5, "E2": 0.4427083333333333}, "Schwarz": {"Ownership": 0.8020833333333334, "E2": 0.6875}, "Carnelian": {"Ownership": 0.4583333333333333, "E2": 0.3385416666666667},