{"scatter": {"data": {"Ulpianus": {"Like": 3.6153846153846154, "Sex": 2.847058823529412, "Overall": 3.2312217194570136}, "Ch'en the Holungday": {"Like": 2.65625, "Sex": 3.2531645569620253, "Overall": 2.9547072784810124}, "Executor the Ex Foedere": {"Like": 3.2093023255813953, "Sex": 2.216867469879518, "Overall": 2.7130848977304565}, "Narantuya": {"Like": 3.1594202898550723, "Sex": 3.3680555555555554, "Overall": 3.263737922705314}, "Poz\u00ebmka": {"Like": 3.372670807453416, "Sex": 4.031645569620253, "Overall": 3.702158188536835}, "W": {"Like": 2.98159509202454, "Sex": 3.80625, "Overall": 3.39392254601227}, "Hoederer": {"Like": 3.225563909774436, "Sex": 2.4939759036144578, "Overall": 2.8597699066944466}, "Lumen": {"Like": 2.9147286821705425, "Sex": 2.142857142857143, "Overall": 2.5287929125138424}, "Ash": {"Like": 2.413793103448276, "Sex": 2.2056737588652484, "Overall": 2.3097334311567623}, "Texas the Omertosa": {"Like": 3.3647798742138364, "Sex": 3.6178343949044587, "Overall": 3.4913071345591478}, "Gnosis": {"Like": 2.865079365079365, "Sex": 1.7777777777777777, "Overall": 2.321428571428571}, "Passenger": {"Like": 2.552, "Sex": 1.6666666666666667, "Overall": 2.1093333333333333}, "Dorothy": {"Like": 3.7125, "Sex": 4.012738853503185, "Overall": 3.8626194267515928}, "Ela": {"Like": 2.780821917808219, "Sex": 2.9148936170212765, "Overall": 2.847857767414748}, "Jessica the Liberated": {"Like": 3.7658227848101267, "Sex": 3.3870967741935485, "Overall": 3.5764597795018376}, "Vigil": {"Like": 2.3, "Sex": 1.7529411764705882, "Overall": 2.026470588235294}, "Viviana": {"Like": 3.515923566878981, "Sex": 3.8129032258064517, "Overall": 3.6644133963427166}, "Logos": {"Like": 3.7573529411764706, "Sex": 2.823529411764706, "Overall": 3.2904411764705883}, "Gavial the Invincible": {"Like": 3.2641509433962264, "Sex": 3.375796178343949, "Overall": 3.3199735608700878}, "Ines": {"Like": 3.35625, "Sex": 3.83974358974359, "Overall": 3.5979967948717952}, "Lee": {"Like": 2.774193548387097, "Sex": 1.5833333333333333, "Overall": 2.178763440860215}, "Surtr": {"Like": 2.8509316770186337, "Sex": 3.9182389937106916, "Overall": 3.3845853353646627}, "Marcille": {"Like": 3.0972222222222223, "Sex": 2.8380281690140845, "Overall": 2.9676251956181536}, "Phantom": {"Like": 3.124031007751938, "Sex": 2.3493975903614457, "Overall": 2.736714299056692}, "Shu": {"Like": 3.8076923076923075, "Sex": 3.6818181818181817, "Overall": 3.7447552447552446}, "Wi\u0161'adel": {"Like": 2.7888198757763973, "Sex": 3.4716981132075473, "Overall": 3.1302589944919723}, "Lin": {"Like": 3.4585987261146496, "Sex": 3.890322580645161, "Overall": 3.6744606533799056}, "Vulpisfoglia": {"Like": 3.861842105263158, "Sex": 4.213333333333333, "Overall": 4.037587719298245}, "M\u0142ynar": {"Like": 3.7318840579710146, "Sex": 2.611764705882353, "Overall": 3.171824381926684}, "Irene": {"Like": 3.61875, "Sex": 3.07741935483871, "Overall": 3.348084677419355}, "Ling": {"Like": 3.4177215189873418, "Sex": 3.9358974358974357, "Overall": 3.6768094774423887}, "Ceobe": {"Like": 4.086956521739131, "Sex": 2.7465753424657535, "Overall": 3.416765932102442}, "Swire the Elegant Wit": {"Like": 3.537974683544304, "Sex": 3.8974358974358974, "Overall": 3.717705290490101}, "SilverAsh": {"Like": 3.6838235294117645, "Sex": 3.0232558139534884, "Overall": 3.3535396716826265}, "Suzuran": {"Like": 3.608974358974359, "Sex": 2.7916666666666665, "Overall": 3.2003205128205128}, "Fiammetta": {"Like": 3.6125, "Sex": 3.9038461538461537, "Overall": 3.758173076923077}, "Thorns": {"Like": 3.4191176470588234, "Sex": 2.5952380952380953, "Overall": 3.0071778711484596}, "Weedy": {"Like": 3.2866666666666666, "Sex": 3.0135135135135136, "Overall": 3.15009009009009}, "Shining": {"Like": 3.125, "Sex": 3.51875, "Overall": 3.321875}, "Civilight Eterna": {"Like": 3.782051282051282, "Sex": 3.72, "Overall": 3.751025641025641}, "Rosmontis": {"Like": 3.729559748427673, "Sex": 2.568345323741007, "Overall": 3.14895253608434}, "Eyjafjalla": {"Like": 3.459627329192547, "Sex": 2.7712418300653594, "Overall": 3.1154345796289533}, "Saileach": {"Like": 3.169811320754717, "Sex": 3.6774193548387095, "Overall": 3.423615337796713}, "Eyjafjalla the Hv\u00edt Aska": {"Like": 3.4836601307189543, "Sex": 3.1216216216216215, "Overall": 3.3026408761702877}, "Hellagur": {"Like": 3.356060606060606, "Sex": 2.430379746835443, "Overall": 2.8932201764480245}, "Penance": {"Like": 3.8282208588957056, "Sex": 4.09375, "Overall": 3.960985429447853}, "Crownslayer": {"Like": 3.281045751633987, "Sex": 3.019867549668874, "Overall": 3.1504566506514307}, "Saria": {"Like": 3.2830188679245285, "Sex": 2.8967741935483873, "Overall": 3.089896530736458}, "Nymph": {"Like": 3.2977099236641223, "Sex": 3.120567375886525, "Overall": 3.2091386497753236}, "Lappland the Decadenza": {"Like": 3.814569536423841, "Sex": 3.774834437086093, "Overall": 3.794701986754967}, "Qiubai": {"Like": 2.778523489932886, "Sex": 3.189189189189189, "Overall": 2.9838563395610374}, "Ebenholz": {"Like": 2.921875, "Sex": 2.0229885057471266, "Overall": 2.4724317528735633}, "Vina Victoria": {"Like": 2.7739726027397262, "Sex": 3.0, "Overall": 2.886986301369863}, "Blemishine": {"Like": 3.4782608695652173, "Sex": 3.08974358974359, "Overall": 3.2840022296544036}, "Kal'tsit": {"Like": 3.900621118012422, "Sex": 3.8037974683544302, "Overall": 3.852209293183426}, "Reed the Flame Shadow": {"Like": 3.911949685534591, "Sex": 3.8333333333333335, "Overall": 3.8726415094339623}, "Typhon": {"Like": 3.3860759493670884, "Sex": 3.721518987341772, "Overall": 3.5537974683544302}, "Ifrit": {"Like": 3.372670807453416, "Sex": 2.3557046979865772, "Overall": 2.864187752719997}, "Siege": {"Like": 2.360248447204969, "Sex": 3.069620253164557, "Overall": 2.714934350184763}, "Eunectes": {"Like": 3.25625, "Sex": 4.189873417721519, "Overall": 3.72306170886076}, "Degenbrecher": {"Like": 3.6792452830188678, "Sex": 3.611464968152866, "Overall": 3.645355125585867}, "Pepe": {"Like": 2.471014492753623, "Sex": 2.4326241134751774, "Overall": 2.4518193031144}, "\u0420\u043e\u0441\u0430": {"Like": 3.4064516129032256, "Sex": 3.7434210526315788, "Overall": 3.574936332767402}, "Dusk": {"Like": 3.461038961038961, "Sex": 3.835526315789474, "Overall": 3.6482826384142175}, "Flametail": {"Like": 3.3121019108280256, "Sex": 2.875, "Overall": 3.093550955414013}, "Mudrock": {"Like": 3.96319018404908, "Sex": 4.163522012578617, "Overall": 4.063356098313848}, "Muelsyse": {"Like": 3.55625, "Sex": 3.301282051282051, "Overall": 3.4287660256410257}, "Bagpipe": {"Like": 3.658385093167702, "Sex": 3.721518987341772, "Overall": 3.689952040254737}, "Magallan": {"Like": 3.1019108280254777, "Sex": 2.792207792207792, "Overall": 2.947059310116635}, "Silence the Paradigmatic": {"Like": 2.574193548387097, "Sex": 2.448051948051948, "Overall": 2.511122748219522}, "Chongyue": {"Like": 3.3435114503816794, "Sex": 2.5952380952380953, "Overall": 2.9693747728098874}, "Blaze": {"Like": 3.932515337423313, "Sex": 4.05625, "Overall": 3.9943826687116566}, "Ascalon": {"Like": 3.6855345911949686, "Sex": 3.75, "Overall": 3.7177672955974845}, "Skadi the Corrupting Heart": {"Like": 3.3518518518518516, "Sex": 3.71875, "Overall": 3.5353009259259256}, "Stainless": {"Like": 2.4140625, "Sex": 1.8470588235294119, "Overall": 2.130560661764706}, "Mostima": {"Like": 3.2848101265822787, "Sex": 3.393548387096774, "Overall": 3.339179256839526}, "Archetto": {"Like": 3.026315789473684, "Sex": 2.986666666666667, "Overall": 3.0064912280701757}, "Ho'olheyak": {"Like": 3.10062893081761, "Sex": 3.7025316455696204, "Overall": 3.4015802881936152}, "Nearl the Radiant Knight": {"Like": 3.2422360248447206, "Sex": 3.2088607594936707, "Overall": 3.2255483921691956}, "Kirin R Yato": {"Like": 2.9539473684210527, "Sex": 3.358108108108108, "Overall": 3.15602773826458}, "Mizuki": {"Like": 2.5725806451612905, "Sex": 2.4468085106382977, "Overall": 2.5096945778997943}, "Fartooth": {"Like": 2.8552631578947367, "Sex": 2.7666666666666666, "Overall": 2.810964912280702},